,Adj_Close,Close,Date,High,Low,Open,Symbol,Volume
0,7.32,7.32,2016-12-30,7.49,7.28,7.41,FIT,11227200
1,7.40,7.40,2016-12-29,7.49,7.315,7.41,FIT,11089600
2,7.43,7.43,2016-12-28,8.08,7.35,8.02,FIT,18695500
3,7.83,7.83,2016-12-27,7.97,7.29,7.35,FIT,16031300
4,7.29,7.29,2016-12-23,7.36,7.20,7.25,FIT,7710300
5,7.35,7.35,2016-12-22,7.42,7.31,7.31,FIT,8883100
6,7.36,7.36,2016-12-21,7.49,7.30,7.42,FIT,11687600
7,7.44,7.44,2016-12-20,7.57,7.42,7.50,FIT,7196000
8,7.49,7.49,2016-12-19,7.55,7.42,7.50,FIT,9051900
9,7.48,7.48,2016-12-16,7.69,7.42,7.60,FIT,13615900
10,7.59,7.59,2016-12-15,7.686,7.44,7.50,FIT,8719500
11,7.50,7.50,2016-12-14,7.67,7.48,7.66,FIT,8856600
12,7.65,7.65,2016-12-13,7.875,7.62,7.79,FIT,7847000
13,7.73,7.73,2016-12-12,7.89,7.60,7.80,FIT,9775000
14,7.82,7.82,2016-12-09,7.99,7.70,7.95,FIT,10895300
15,7.92,7.92,2016-12-08,7.99,7.76,7.84,FIT,10878800
16,7.97,7.97,2016-12-07,8.24,7.96,8.21,FIT,8414100
17,7.98,7.98,2016-12-06,8.00,7.81,7.97,FIT,11415400
18,8.03,8.03,2016-12-05,8.30,7.98,8.18,FIT,12711100
19,8.14,8.14,2016-12-02,8.45,8.12,8.40,FIT,8905100
20,8.42,8.42,2016-12-01,8.59,8.35,8.40,FIT,8985500
21,8.36,8.36,2016-11-30,8.43,8.265,8.31,FIT,7484400
22,8.28,8.28,2016-11-29,8.49,8.20,8.45,FIT,8462700
23,8.40,8.40,2016-11-28,8.54,8.365,8.50,FIT,6674400
24,8.51,8.51,2016-11-25,8.73,8.48,8.69,FIT,4275600
25,8.68,8.68,2016-11-23,8.72,8.42,8.65,FIT,8623600
26,8.58,8.58,2016-11-22,8.78,8.371,8.75,FIT,14070500
27,8.69,8.69,2016-11-21,9.05,8.66,8.76,FIT,11145500
28,8.75,8.75,2016-11-18,8.83,8.62,8.75,FIT,8202000
29,8.82,8.82,2016-11-17,9.42,8.73,9.42,FIT,15437100
30,9.46,9.46,2016-11-16,9.75,9.40,9.73,FIT,8099200
31,9.56,9.56,2016-11-15,9.61,9.43,9.59,FIT,5759200
32,9.42,9.42,2016-11-14,9.63,9.33,9.48,FIT,7976400
33,9.22,9.22,2016-11-11,9.31,8.68,8.97,FIT,10523700
34,8.86,8.86,2016-11-10,9.275,8.40,8.55,FIT,25190700
35,8.55,8.55,2016-11-09,8.65,8.325,8.43,FIT,14223400
36,8.70,8.70,2016-11-08,8.78,8.47,8.56,FIT,9206600
37,8.69,8.69,2016-11-07,8.93,8.53,8.90,FIT,11304000
38,8.71,8.71,2016-11-04,9.00,8.39,8.51,FIT,19301100
39,8.51,8.51,2016-11-03,12.81,8.37,12.81,FIT,72925800
40,12.81,12.81,2016-11-02,13.39,12.67,13.05,FIT,17609400
41,13.06,13.06,2016-11-01,13.32,12.92,13.22,FIT,7595400
42,13.26,13.26,2016-10-31,13.52,13.07,13.49,FIT,6833800
43,13.49,13.49,2016-10-28,14.01,13.47,13.73,FIT,7291800
44,13.78,13.78,2016-10-27,14.26,13.74,14.26,FIT,4791000
45,14.10,14.10,2016-10-26,14.19,13.70,13.70,FIT,5969700
46,13.78,13.78,2016-10-25,13.85,13.63,13.84,FIT,4185500
47,13.85,13.85,2016-10-24,14.24,13.84,14.20,FIT,4636000
48,14.20,14.20,2016-10-21,14.26,13.951,14.09,FIT,4714700
49,14.15,14.15,2016-10-20,14.27,13.92,13.99,FIT,5872300
50,14.06,14.06,2016-10-19,14.16,13.46,13.54,FIT,7625400
51,13.54,13.54,2016-10-18,13.58,13.13,13.20,FIT,5368500
52,13.10,13.10,2016-10-17,13.31,12.98,13.28,FIT,4736000
53,13.10,13.10,2016-10-14,13.53,13.035,13.38,FIT,8493100
54,13.34,13.34,2016-10-13,13.48,13.14,13.26,FIT,5895300
55,13.42,13.42,2016-10-12,13.62,13.22,13.47,FIT,6280100
56,13.49,13.49,2016-10-11,14.00,13.335,13.93,FIT,10831000
57,13.90,13.90,2016-10-10,14.19,13.76,14.14,FIT,8871500
58,14.04,14.04,2016-10-07,14.61,14.00,14.48,FIT,10246100
59,14.61,14.61,2016-10-06,14.94,14.46,14.90,FIT,6691300
60,14.77,14.77,2016-10-05,15.05,14.708,14.77,FIT,6476200
61,14.72,14.72,2016-10-04,15.08,14.70,14.80,FIT,5772200
62,14.78,14.78,2016-10-03,15.03,14.60,14.88,FIT,6367700
63,14.84,14.84,2016-09-30,15.19,14.80,15.10,FIT,8003400
64,14.82,14.82,2016-09-29,15.81,14.781,15.79,FIT,24561900
65,16.700001,16.700001,2016-09-28,16.785,16.42,16.58,FIT,4132100
66,16.530001,16.530001,2016-09-27,16.82,16.209999,16.530001,FIT,5803500
67,16.48,16.48,2016-09-26,16.969999,16.32,16.83,FIT,6751700
68,16.98,16.98,2016-09-23,17.18,16.73,16.74,FIT,8349800
69,16.76,16.76,2016-09-22,16.85,16.41,16.50,FIT,7689400
70,16.27,16.27,2016-09-21,16.370001,15.85,16.049999,FIT,5861700
71,15.94,15.94,2016-09-20,16.299999,15.80,16.26,FIT,6067000
72,16.309999,16.309999,2016-09-19,16.76,16.09,16.09,FIT,11916800
73,15.95,15.95,2016-09-16,16.10,15.73,15.90,FIT,11588900
74,16.030001,16.030001,2016-09-15,16.045,14.84,14.84,FIT,15509100
75,14.76,14.76,2016-09-14,14.921,14.65,14.70,FIT,5353100
76,14.70,14.70,2016-09-13,15.00,14.60,14.80,FIT,6938700
77,14.85,14.85,2016-09-12,15.14,14.352,14.40,FIT,7854900
78,14.57,14.57,2016-09-09,14.82,14.422,14.63,FIT,8148400
79,14.72,14.72,2016-09-08,14.84,14.46,14.66,FIT,7910400
80,14.80,14.80,2016-09-07,15.38,14.69,15.00,FIT,11748200
81,15.11,15.11,2016-09-06,15.35,14.923,15.04,FIT,7806900
82,14.96,14.96,2016-09-02,15.15,14.82,15.02,FIT,5810400
83,14.95,14.95,2016-09-01,15.51,14.68,15.48,FIT,13782700
84,15.48,15.48,2016-08-31,15.80,15.35,15.55,FIT,9591900
85,15.37,15.37,2016-08-30,15.54,15.03,15.13,FIT,10353400
86,14.94,14.94,2016-08-29,15.06,14.48,14.72,FIT,8727400
87,14.67,14.67,2016-08-26,14.94,14.47,14.73,FIT,6227300
88,14.79,14.79,2016-08-25,15.02,14.70,14.70,FIT,4525200
89,14.81,14.81,2016-08-24,15.31,14.72,15.30,FIT,9103000
90,14.88,14.88,2016-08-23,15.13,14.80,14.82,FIT,7813000
91,14.44,14.44,2016-08-22,14.75,14.40,14.41,FIT,4653200
92,14.53,14.53,2016-08-19,14.74,14.36,14.50,FIT,4516000
93,14.57,14.57,2016-08-18,14.94,14.52,14.77,FIT,5276000
94,14.78,14.78,2016-08-17,15.34,14.70,15.31,FIT,9095800
95,15.41,15.41,2016-08-16,16.00,15.255,15.65,FIT,7583500
96,15.65,15.65,2016-08-15,15.88,14.98,14.99,FIT,11029400
97,14.97,14.97,2016-08-12,15.10,14.85,14.87,FIT,3810600
98,14.90,14.90,2016-08-11,15.18,14.89,15.04,FIT,4817000
99,15.04,15.04,2016-08-10,15.54,14.86,15.50,FIT,10312600
100,15.65,15.65,2016-08-09,15.96,15.59,15.77,FIT,6998700
101,15.69,15.69,2016-08-08,16.040001,15.25,15.40,FIT,10758400
102,15.40,15.40,2016-08-05,15.59,15.023,15.47,FIT,11092200
103,15.43,15.43,2016-08-04,15.73,15.13,15.21,FIT,19325700
104,14.93,14.93,2016-08-03,15.22,13.92,14.11,FIT,37562400
105,13.16,13.16,2016-08-02,13.975,13.03,13.78,FIT,20077500
106,13.69,13.69,2016-08-01,13.87,13.48,13.70,FIT,8479400
107,13.66,13.66,2016-07-29,13.72,13.43,13.60,FIT,5349700
108,13.58,13.58,2016-07-28,13.63,13.21,13.43,FIT,7603800
109,13.32,13.32,2016-07-27,13.50,13.23,13.45,FIT,4968800
110,13.23,13.23,2016-07-26,13.39,12.95,12.98,FIT,6053900
111,13.02,13.02,2016-07-25,13.05,12.755,12.79,FIT,4239200
112,12.82,12.82,2016-07-22,12.93,12.66,12.80,FIT,5817100
113,12.80,12.80,2016-07-21,13.04,12.79,12.92,FIT,5036000
114,12.98,12.98,2016-07-20,13.07,12.63,13.00,FIT,10749300
115,12.86,12.86,2016-07-19,13.465,12.85,13.32,FIT,6803100
116,13.38,13.38,2016-07-18,13.58,13.11,13.20,FIT,6419300
117,13.15,13.15,2016-07-15,13.77,13.10,13.76,FIT,7323100
118,13.77,13.77,2016-07-14,13.91,13.62,13.75,FIT,5328100
119,13.56,13.56,2016-07-13,13.80,13.42,13.51,FIT,4866900
120,13.51,13.51,2016-07-12,13.75,13.20,13.39,FIT,7741200
121,13.68,13.68,2016-07-11,13.83,13.55,13.57,FIT,5186100
122,13.43,13.43,2016-07-08,13.69,13.18,13.30,FIT,9538700
123,13.07,13.07,2016-07-07,13.30,12.60,12.63,FIT,9390800
124,12.51,12.51,2016-07-06,12.54,12.06,12.20,FIT,7739100
125,12.31,12.31,2016-07-05,12.40,12.05,12.37,FIT,6515300
126,12.48,12.48,2016-07-01,12.60,12.13,12.15,FIT,6720000
127,12.22,12.22,2016-06-30,12.27,11.70,12.01,FIT,7851100
128,12.13,12.13,2016-06-29,12.235,11.65,12.20,FIT,8059500
129,12.00,12.00,2016-06-28,12.43,11.80,12.25,FIT,10139800
130,11.89,11.89,2016-06-27,12.65,11.85,12.60,FIT,10049900
131,12.71,12.71,2016-06-24,13.035,12.50,12.50,FIT,13667500
132,13.29,13.29,2016-06-23,13.39,12.81,12.95,FIT,10273700
133,12.79,12.79,2016-06-22,13.41,12.72,13.40,FIT,11663200
134,13.50,13.50,2016-06-21,13.58,13.24,13.25,FIT,6500600
135,13.18,13.18,2016-06-20,13.56,13.05,13.07,FIT,6962900
136,12.83,12.83,2016-06-17,13.00,12.66,12.73,FIT,10055500
137,12.71,12.71,2016-06-16,13.21,12.36,13.14,FIT,11439000
138,13.24,13.24,2016-06-15,13.57,13.08,13.10,FIT,8196300
139,13.01,13.01,2016-06-14,13.83,12.97,13.70,FIT,12948400
140,13.82,13.82,2016-06-13,14.32,13.79,14.06,FIT,4968600
141,14.10,14.10,2016-06-10,14.42,14.00,14.41,FIT,7253700
142,14.55,14.55,2016-06-09,14.67,14.18,14.34,FIT,8276800
143,14.10,14.10,2016-06-08,14.50,14.08,14.26,FIT,5352500
144,14.31,14.31,2016-06-07,14.44,14.21,14.30,FIT,4925700
145,14.36,14.36,2016-06-06,14.60,14.17,14.48,FIT,8938200
146,14.63,14.63,2016-06-03,14.75,14.44,14.56,FIT,3723000
147,14.76,14.76,2016-06-02,14.79,14.26,14.30,FIT,4775900
148,14.51,14.51,2016-06-01,14.51,13.91,14.00,FIT,4544200
149,14.18,14.18,2016-05-31,14.35,14.03,14.30,FIT,6241900
150,14.32,14.32,2016-05-27,14.42,14.10,14.20,FIT,4562500
151,14.16,14.16,2016-05-26,14.574,14.12,14.31,FIT,6048200
152,14.06,14.06,2016-05-25,14.15,13.60,14.14,FIT,8943200
153,13.90,13.90,2016-05-24,14.66,13.806,14.62,FIT,10732500
154,14.57,14.57,2016-05-23,14.73,14.423,14.52,FIT,5684400
155,14.60,14.60,2016-05-20,14.60,14.00,14.00,FIT,6643900
156,13.99,13.99,2016-05-19,14.09,13.51,13.74,FIT,7964600
157,14.13,14.13,2016-05-18,14.43,14.04,14.25,FIT,4660300
158,14.17,14.17,2016-05-17,14.39,13.98,14.05,FIT,5062700
159,14.05,14.05,2016-05-16,14.09,13.55,13.55,FIT,4844600
160,13.77,13.77,2016-05-13,13.97,13.45,13.53,FIT,5299200
161,13.52,13.52,2016-05-12,14.09,13.34,14.02,FIT,6337200
162,13.92,13.92,2016-05-11,14.39,13.70,13.88,FIT,7247900
163,14.02,14.02,2016-05-10,14.02,13.44,13.93,FIT,8518000
164,13.90,13.90,2016-05-09,14.12,13.60,13.77,FIT,8581900
165,13.62,13.62,2016-05-06,13.95,12.96,13.83,FIT,18610000
166,13.88,13.88,2016-05-05,15.20,13.87,14.86,FIT,31925900
167,17.10,17.10,2016-05-04,17.48,16.440001,17.02,FIT,16100500
168,17.18,17.18,2016-05-03,18.00,16.950001,17.945,FIT,16133800
169,18.370001,18.370001,2016-05-02,18.389999,17.719999,18.389999,FIT,6859100
170,18.25,18.25,2016-04-29,18.280001,17.75,18.190001,FIT,7937900
171,18.10,18.10,2016-04-28,18.85,17.92,18.50,FIT,8983600
172,17.879999,17.879999,2016-04-27,17.950001,17.129999,17.25,FIT,8231800
173,17.389999,17.389999,2016-04-26,17.50,17.16,17.41,FIT,4459100
174,17.41,17.41,2016-04-25,17.780001,16.950001,17.51,FIT,10539600
175,17.58,17.58,2016-04-22,17.65,17.209999,17.35,FIT,4610300
176,17.459999,17.459999,2016-04-21,18.280001,17.111,17.99,FIT,7683100
177,17.690001,17.690001,2016-04-20,18.190001,17.34,17.42,FIT,10621800
178,17.34,17.34,2016-04-19,17.50,16.809999,17.23,FIT,7646000
179,17.040001,17.040001,2016-04-18,17.50,16.969999,17.00,FIT,9313700
180,17.200001,17.200001,2016-04-15,17.450001,16.370001,16.370001,FIT,12381500
181,16.33,16.33,2016-04-14,17.09,16.27,16.969999,FIT,11613000
182,17.01,17.01,2016-04-13,17.188,15.75,15.90,FIT,22044900
183,15.15,15.15,2016-04-12,15.36,14.89,14.93,FIT,4982100
184,14.84,14.84,2016-04-11,15.52,14.77,14.85,FIT,8962500
185,14.50,14.50,2016-04-08,15.22,14.40,15.11,FIT,7373800
186,14.86,14.86,2016-04-07,15.72,14.81,15.36,FIT,6914700
187,15.48,15.48,2016-04-06,15.68,15.20,15.26,FIT,5292800
188,15.10,15.10,2016-04-05,15.57,15.03,15.30,FIT,6583800
189,15.51,15.51,2016-04-04,15.75,14.75,15.00,FIT,10429000
190,14.92,14.92,2016-04-01,15.72,14.71,14.90,FIT,14749400
191,15.15,15.15,2016-03-31,15.23,13.82,14.06,FIT,21246800
192,13.40,13.40,2016-03-30,14.00,12.93,14.00,FIT,16561400
193,14.01,14.01,2016-03-29,14.12,13.31,13.48,FIT,6298700
194,13.55,13.55,2016-03-28,14.549,13.36,14.53,FIT,10160700
195,14.58,14.58,2016-03-24,14.63,14.14,14.37,FIT,5351200
196,14.55,14.55,2016-03-23,15.58,14.54,15.28,FIT,7652600
197,15.28,15.28,2016-03-22,15.91,14.78,14.80,FIT,11900100
198,14.90,14.90,2016-03-21,14.90,14.25,14.33,FIT,6453100
199,14.38,14.38,2016-03-18,14.618,14.13,14.40,FIT,6594300
200,14.47,14.47,2016-03-17,14.79,14.11,14.23,FIT,5770500
201,14.32,14.32,2016-03-16,14.49,13.94,14.17,FIT,5594300
202,13.93,13.93,2016-03-15,14.45,13.57,14.43,FIT,7378800
203,14.47,14.47,2016-03-14,14.80,14.27,14.49,FIT,6662600
204,14.51,14.51,2016-03-11,14.61,13.57,13.65,FIT,14229700
205,13.53,13.53,2016-03-10,13.79,13.23,13.35,FIT,9039600
206,13.22,13.22,2016-03-09,13.27,12.515,13.17,FIT,12095300
207,13.05,13.05,2016-03-08,13.85,12.95,13.19,FIT,18447200
208,13.03,13.03,2016-03-07,13.30,12.77,12.86,FIT,7295800
209,12.86,12.86,2016-03-04,13.18,12.47,12.53,FIT,11833800
210,12.47,12.47,2016-03-03,12.85,12.26,12.82,FIT,11315000
211,12.87,12.87,2016-03-02,13.05,12.36,12.47,FIT,10259300
212,12.41,12.41,2016-03-01,12.48,12.10,12.35,FIT,9012700
213,12.23,12.23,2016-02-29,12.38,12.00,12.38,FIT,9949100
214,12.15,12.15,2016-02-26,12.55,12.14,12.41,FIT,7201700
215,12.26,12.26,2016-02-25,12.77,12.05,12.17,FIT,13067400
216,12.33,12.33,2016-02-24,12.74,11.91,12.74,FIT,16943600
217,13.08,13.08,2016-02-23,14.30,12.97,14.03,FIT,40612200
218,16.52,16.52,2016-02-22,16.75,15.60,15.95,FIT,22222200
219,15.60,15.60,2016-02-19,15.96,15.55,15.80,FIT,5837800
220,16.00,16.00,2016-02-18,16.35,15.61,16.15,FIT,5240000
221,15.89,15.89,2016-02-17,16.440001,14.80,15.20,FIT,7753800
222,14.90,14.90,2016-02-16,15.09,13.81,14.39,FIT,5082500
223,13.94,13.94,2016-02-12,14.49,13.80,14.18,FIT,4665400
224,13.78,13.78,2016-02-11,14.184,12.90,14.00,FIT,13818900
225,14.68,14.68,2016-02-10,15.88,14.31,14.82,FIT,6349500
226,14.30,14.30,2016-02-09,15.58,13.99,14.03,FIT,6984300
227,14.38,14.38,2016-02-08,15.42,14.16,15.42,FIT,5787600
228,15.73,15.73,2016-02-05,16.965,15.68,16.950001,FIT,6141400
229,16.93,16.93,2016-02-04,17.25,15.98,16.030001,FIT,5713000
230,16.040001,16.040001,2016-02-03,16.573,15.60,16.450001,FIT,4454500
231,16.09,16.09,2016-02-02,17.040001,16.00,16.92,FIT,3806700
232,16.709999,16.709999,2016-02-01,17.049999,16.02,16.50,FIT,4275800
233,16.60,16.60,2016-01-29,16.68,15.71,15.79,FIT,4443400
234,15.69,15.69,2016-01-28,16.645,15.60,16.26,FIT,4196600
235,16.049999,16.049999,2016-01-27,17.290001,16.01,17.290001,FIT,5306700
236,16.77,16.77,2016-01-26,17.669001,16.67,17.33,FIT,4297000
237,17.290001,17.290001,2016-01-25,18.724001,17.15,18.58,FIT,4026100
238,18.809999,18.809999,2016-01-22,19.344999,18.209999,18.50,FIT,3433700
239,18.190001,18.190001,2016-01-21,18.620001,17.297001,18.58,FIT,5743200
240,17.790001,17.790001,2016-01-20,18.280001,15.524,16.85,FIT,7861800
241,17.66,17.66,2016-01-19,18.790001,17.25,18.32,FIT,4529300
242,17.969999,17.969999,2016-01-15,18.34,17.299999,17.57,FIT,5369500
243,18.870001,18.870001,2016-01-14,19.417,17.77,19.200001,FIT,7268000
244,19.85,19.85,2016-01-13,20.48,19.17,19.65,FIT,5863000
245,19.629999,19.629999,2016-01-12,19.75,18.90,19.360001,FIT,5176900
246,18.85,18.85,2016-01-11,21.620001,18.35,21.43,FIT,13868000
247,21.52,21.52,2016-01-08,22.59,21.360001,22.200001,FIT,6441900
248,21.50,21.50,2016-01-07,23.280001,20.25,22.16,FIT,17043600
249,22.90,22.90,2016-01-06,24.18,22.639999,23.73,FIT,13673000
250,24.299999,24.299999,2016-01-05,30.959999,24.030001,30.209999,FIT,30670400
251,29.76,29.76,2016-01-04,29.99,28.120001,28.65,FIT,4567000
252,29.59,29.59,2015-12-31,30.00,29.00,29.09,FIT,3719000
253,29.629999,29.629999,2015-12-30,29.74,28.74,29.00,FIT,3414300
254,29.35,29.35,2015-12-29,30.75,29.10,30.50,FIT,5978400
255,29.860001,29.860001,2015-12-28,30.65,29.559999,30.219999,FIT,8024900
256,28.91,28.91,2015-12-24,29.200001,28.360001,28.379999,FIT,1603600
257,28.629999,28.629999,2015-12-23,28.92,28.26,28.92,FIT,3628200
258,28.66,28.66,2015-12-22,29.200001,28.26,29.10,FIT,3503200
259,29.10,29.10,2015-12-21,29.450001,28.02,29.09,FIT,7395500
260,27.73,27.73,2015-12-18,28.209999,27.07,28.129999,FIT,4677900
261,27.809999,27.809999,2015-12-17,29.75,27.639999,29.700001,FIT,5676200
262,29.469999,29.469999,2015-12-16,30.540001,29.049999,30.299999,FIT,3868600
263,29.84,29.84,2015-12-15,30.790001,28.24,29.049999,FIT,6587100
264,29.15,29.15,2015-12-14,29.75,27.67,29.23,FIT,3690400
265,29.50,29.50,2015-12-11,30.879999,29.23,30.690001,FIT,4438500
266,30.77,30.77,2015-12-10,31.85,30.60,31.309999,FIT,3470600
267,31.25,31.25,2015-12-09,33.349998,30.77,32.400002,FIT,4645000
268,32.34,32.34,2015-12-08,33.990002,32.279999,33.189999,FIT,5084200
269,34.099998,34.099998,2015-12-07,34.68,32.610001,33.990002,FIT,9306100
270,33.369999,33.369999,2015-12-04,33.369999,30.33,30.50,FIT,9524600
271,30.139999,30.139999,2015-12-03,30.84,29.450001,29.98,FIT,6884200
272,29.370001,29.370001,2015-12-02,29.809999,28.57,29.299999,FIT,4883200
273,29.219999,29.219999,2015-12-01,29.85,27.93,29.190001,FIT,7264100
274,28.719999,28.719999,2015-11-30,29.219999,28.450001,29.09,FIT,6908800
275,27.84,27.84,2015-11-27,28.549999,27.629999,28.26,FIT,2070000
276,27.99,27.99,2015-11-25,28.559999,26.66,26.959999,FIT,4834900
277,26.870001,26.870001,2015-11-24,27.48,26.610001,26.82,FIT,3886300
278,27.030001,27.030001,2015-11-23,27.98,26.462,27.889999,FIT,8393100
279,27.59,27.59,2015-11-20,29.25,27.57,29.23,FIT,7429900
280,29.01,29.01,2015-11-19,29.40,28.709999,29.139999,FIT,5388600
281,28.67,28.67,2015-11-18,28.90,27.50,28.82,FIT,6065200
282,28.73,28.73,2015-11-17,30.02,28.26,29.41,FIT,10054100
283,28.76,28.76,2015-11-16,28.85,27.549999,28.00,FIT,6350900
284,27.860001,27.860001,2015-11-13,29.40,26.799999,29.02,FIT,30545600
285,31.68,31.68,2015-11-12,34.00,31.50,33.73,FIT,7115800
286,34.310001,34.310001,2015-11-11,36.34,34.209999,36.040001,FIT,2691800
287,35.919998,35.919998,2015-11-10,38.139999,35.560001,37.080002,FIT,4465100
288,37.459999,37.459999,2015-11-09,38.150002,36.599998,37.799999,FIT,2460200
289,37.919998,37.919998,2015-11-06,37.950001,36.02,36.860001,FIT,4283900
290,36.860001,36.860001,2015-11-05,37.740002,36.599998,37.549999,FIT,3092100
291,37.82,37.82,2015-11-04,38.439999,37.50,37.98,FIT,4835400
292,37.310001,37.310001,2015-11-03,39.130001,37.169998,38.00,FIT,14193400
293,40.799999,40.799999,2015-11-02,41.970001,39.93,41.529999,FIT,12417100
294,40.540001,40.540001,2015-10-30,40.779999,37.66,38.200001,FIT,5732200
295,37.57,37.57,2015-10-29,38.700001,37.00,38.209999,FIT,3482800
296,39.09,39.09,2015-10-28,39.41,37.82,38.299999,FIT,2262700
297,37.669998,37.669998,2015-10-27,37.900002,36.889999,37.25,FIT,1042000
298,37.369999,37.369999,2015-10-26,38.779999,37.25,38.18,FIT,1688400
299,38.470001,38.470001,2015-10-23,38.599998,37.50,37.82,FIT,2055700
300,37.09,37.09,2015-10-22,38.060001,35.82,37.599998,FIT,2095100
301,36.82,36.82,2015-10-21,39.50,35.419998,39.189999,FIT,3102800
302,38.50,38.50,2015-10-20,41.110001,38.099998,39.209999,FIT,6836100
303,37.41,37.41,2015-10-19,38.98,36.549999,36.75,FIT,2893800
304,36.900002,36.900002,2015-10-16,37.599998,36.529999,37.259998,FIT,1215700
305,37.099998,37.099998,2015-10-15,37.110001,35.439999,35.50,FIT,1357300
306,35.599998,35.599998,2015-10-14,36.313,34.950001,36.25,FIT,1241000
307,36.169998,36.169998,2015-10-13,37.880001,34.759998,36.32,FIT,3128400
308,36.099998,36.099998,2015-10-12,36.48,35.75,36.02,FIT,1284300
309,35.360001,35.360001,2015-10-09,36.099998,34.650002,35.099998,FIT,1829100
310,34.669998,34.669998,2015-10-08,35.77,33.43,34.790001,FIT,2678700
311,35.25,35.25,2015-10-07,36.880001,33.66,36.700001,FIT,3506200
312,36.400002,36.400002,2015-10-06,38.099998,35.830002,38.009998,FIT,2675900
313,38.099998,38.099998,2015-10-05,38.970001,37.32,37.849998,FIT,3231600
314,37.299999,37.299999,2015-10-02,38.400002,37.00,37.150002,FIT,2106900
315,38.049999,38.049999,2015-10-01,38.529999,36.310001,37.240002,FIT,2506500
316,37.689999,37.689999,2015-09-30,37.689999,34.709999,35.59,FIT,5896100
317,35.299999,35.299999,2015-09-29,36.27,34.259998,36.040001,FIT,2651300
318,36.049999,36.049999,2015-09-28,37.16,35.259998,36.919998,FIT,2802100
319,37.599998,37.599998,2015-09-25,40.240002,37.299999,39.700001,FIT,3207400
320,38.790001,38.790001,2015-09-24,38.950001,37.00,38.299999,FIT,2766400
321,39.110001,39.110001,2015-09-23,40.367001,38.650002,39.93,FIT,3037100
322,39.490002,39.490002,2015-09-22,39.889999,36.73,36.990002,FIT,5301100
323,38.09,38.09,2015-09-21,41.919998,37.75,41.75,FIT,8257800
324,40.720001,40.720001,2015-09-18,42.040001,38.599998,39.25,FIT,13693400
325,39.880001,39.880001,2015-09-17,40.898998,36.099998,36.459999,FIT,18266700
326,37.099998,37.099998,2015-09-16,38.450001,33.849998,34.610001,FIT,10125400
327,33.040001,33.040001,2015-09-15,33.990002,32.41,33.25,FIT,5245900
328,32.00,32.00,2015-09-14,33.200001,31.709999,33.130001,FIT,2215100
329,32.400002,32.400002,2015-09-11,34.00,31.280001,33.799999,FIT,4948300
330,34.23,34.23,2015-09-10,35.990002,33.799999,35.560001,FIT,3044600
331,35.950001,35.950001,2015-09-09,37.389999,35.310001,36.689999,FIT,4585200
332,35.459999,35.459999,2015-09-08,35.889999,34.099998,34.73,FIT,6704000
333,31.879999,31.879999,2015-09-04,32.700001,31.25,32.25,FIT,1795900
334,33.049999,33.049999,2015-09-03,34.25,32.521999,33.599998,FIT,2058300
335,33.57,33.57,2015-09-02,33.599998,32.68,33.41,FIT,1774600
336,32.889999,32.889999,2015-09-01,34.09,32.400002,33.099998,FIT,2785100
337,34.490002,34.490002,2015-08-31,35.50,33.75,34.240002,FIT,4630800
338,33.799999,33.799999,2015-08-28,35.00,33.259998,34.32,FIT,4249200
339,34.970001,34.970001,2015-08-27,40.00,33.540001,39.790001,FIT,8588700
340,38.400002,38.400002,2015-08-26,38.50,36.25,38.16,FIT,2905200
341,36.77,36.77,2015-08-25,40.080002,36.529999,40.080002,FIT,3220700
342,37.360001,37.360001,2015-08-24,37.360001,30.51,32.290001,FIT,8051100
343,38.650002,38.650002,2015-08-21,40.400002,37.689999,38.549999,FIT,6946900
344,41.41,41.41,2015-08-20,42.50,41.00,41.880001,FIT,3656000
345,43.099998,43.099998,2015-08-19,43.720001,42.790001,43.130001,FIT,1949800
346,43.77,43.77,2015-08-18,44.889999,42.66,44.549999,FIT,3472400
347,44.93,44.93,2015-08-17,45.25,43.709999,44.639999,FIT,3287800
348,44.650002,44.650002,2015-08-14,44.98,42.82,43.09,FIT,5351500
349,42.25,42.25,2015-08-13,42.990002,41.509998,42.25,FIT,3396900
350,41.18,41.18,2015-08-12,42.41,39.200001,41.759998,FIT,7352500
351,42.93,42.93,2015-08-11,44.099998,42.25,42.900002,FIT,3392800
352,43.150002,43.150002,2015-08-10,44.400002,42.509998,43.209999,FIT,6029000
353,42.68,42.68,2015-08-07,45.509998,41.50,45.080002,FIT,9449900
354,44.599998,44.599998,2015-08-06,47.900002,43.560001,46.639999,FIT,22572800
355,51.639999,51.639999,2015-08-05,51.900002,49.470001,50.349998,FIT,20018400
356,49.689999,49.689999,2015-08-04,50.637001,48.25,50.00,FIT,7803700
357,48.959999,48.959999,2015-08-03,50.990002,48.049999,49.139999,FIT,15411200
358,47.599998,47.599998,2015-07-31,47.84,44.450001,45.00,FIT,5661000
359,45.189999,45.189999,2015-07-30,45.419998,42.639999,44.290001,FIT,2980900
360,44.07,44.07,2015-07-29,45.650002,43.779999,45.400002,FIT,2711100
361,45.470001,45.470001,2015-07-28,45.82,43.400002,44.310001,FIT,3738800
362,43.93,43.93,2015-07-27,45.23,41.700001,45.00,FIT,7137200
363,45.540001,45.540001,2015-07-24,46.700001,45.18,46.700001,FIT,3305800
364,46.200001,46.200001,2015-07-23,47.25,45.830002,46.709999,FIT,4668700
365,45.529999,45.529999,2015-07-22,47.43,45.02,46.099998,FIT,5160300
366,46.869999,46.869999,2015-07-21,47.029999,43.509998,43.950001,FIT,7239500
367,44.470001,44.470001,2015-07-20,47.200001,43.07,45.900002,FIT,13186100
368,47.169998,47.169998,2015-07-17,47.400002,46.25,47.240002,FIT,6670400
369,47.779999,47.779999,2015-07-16,48.00,46.009998,47.849998,FIT,9294600
370,47.290001,47.290001,2015-07-15,48.978001,45.259998,46.869999,FIT,18440300
371,46.00,46.00,2015-07-14,46.00,43.759998,44.700001,FIT,14656800
372,43.48,43.48,2015-07-13,44.59,42.75,43.290001,FIT,14892500
373,42.099998,42.099998,2015-07-10,43.599998,41.880001,43.259998,FIT,7193700
374,42.25,42.25,2015-07-09,44.00,42.200001,43.23,FIT,10404700
375,41.740002,41.740002,2015-07-08,42.93,40.610001,41.369999,FIT,10754800
376,42.150002,42.150002,2015-07-07,42.98,39.00,42.360001,FIT,20890700
377,40.189999,40.189999,2015-07-06,43.00,39.75,41.150002,FIT,9343300
378,42.240002,42.240002,2015-07-02,44.380001,41.490002,41.82,FIT,17679300
379,42.380001,42.380001,2015-07-01,42.380001,38.380001,39.290001,FIT,27215100
380,38.23,38.23,2015-06-30,38.23,34.50,35.049999,FIT,12506600
381,33.279999,33.279999,2015-06-29,34.400002,32.50,33.099998,FIT,5568200
382,34.75,34.75,2015-06-26,36.93,33.650002,36.900002,FIT,7374600
383,36.59,36.59,2015-06-25,37.549999,36.110001,37.52,FIT,7786800
384,36.009998,36.009998,2015-06-24,36.75,35.25,36.52,FIT,13661800
385,37.880001,37.880001,2015-06-23,40.380001,37.099998,39.84,FIT,20986400
386,37.060001,37.060001,2015-06-22,40.450001,35.00,35.650002,FIT,33816800
387,32.50,32.50,2015-06-19,33.950001,30.33,31.16,FIT,25871400
388,29.68,29.68,2015-06-18,31.90,29.50,30.40,FIT,52076000
